Path in MiSTer, URL, Size in bytes (optional but recommended), MD5 Hash
games/mame/arabianm.zip,https://archive.org/download/OngoFiles/mame-taitof3/arabianm.zip,4575395,b8eb3cbe9102c2b466730c3ead1db2f7,
games/mame/arkretrn.zip,https://archive.org/download/OngoFiles/mame-taitof3/arkretrn.zip,2294505,1b7be267a2212eff2e19ca026007ef07,
games/mame/bubblem.zip,https://archive.org/download/OngoFiles/mame-taitof3/bubblem.zip,6652673,27e1a20120a86c8ea63cd9e6b8e564f8,
games/mame/bublbob2.zip,https://archive.org/download/OngoFiles/mame-taitof3/bublbob2.zip,12527097,659797e1ce9fefc78cfcd518d756b1b4,
games/mame/cleopatr.zip,https://archive.org/download/OngoFiles/mame-taitof3/cleopatr.zip,3055735,a34c0923cf7f6ed062cdc8fc5618925b,
games/mame/commandw.zip,https://archive.org/download/OngoFiles/mame-taitof3/commandw.zip,7409712,88b06d5a41dabf721f28899475bd4bd5,
games/mame/cupfinal.zip,https://archive.org/download/OngoFiles/mame-taitof3/cupfinal.zip,5515274,98591b9cc6cd5a024c546eb78f633a69,
games/mame/dankuga.zip,https://archive.org/download/OngoFiles/mame-taitof3/dankuga.zip,13448538,caa8c820581ebdfbdf45b78015cffad1,
games/mame/dariusg.zip,https://archive.org/download/OngoFiles/mame-taitof3/dariusg.zip,8311228,186c84fcdf327111ce8863b7580fda95,
games/mame/dariusgx.zip,https://archive.org/download/OngoFiles/mame-taitof3/dariusgx.zip,7952016,b2a63727ceda1e3570090c1fae1abe10,
games/mame/elvactr.zip,https://archive.org/download/OngoFiles/mame-taitof3/elvactr.zip,8434714,4aa9622874db58e79fd20ccd7ece1108,
games/mame/gekiridn.zip,https://archive.org/download/OngoFiles/mame-taitof3/gekiridn.zip,6359513,e22b13d09c4d50299a5d539cd25a05e3,
games/mame/gseeker.zip,https://archive.org/download/OngoFiles/mame-taitof3/gseeker.zip,5390005,4cb2bddf9ddee7b776224e150a24b01e,
games/mame/gunlock.zip,https://archive.org/download/OngoFiles/mame-taitof3/gunlock.zip,10819858,16739a7a8a2d1df1eaa70da5923c9e8c,
games/mame/intcup94.zip,https://archive.org/download/OngoFiles/mame-taitof3/intcup94.zip,5385904,37bc1fe1f1fd6f37cb439cb556177890,
games/mame/kaiserkn.zip,https://archive.org/download/OngoFiles/mame-taitof3/kaiserkn.zip,13666679,cc75e94de082fef5a081cd6be937cb34,
games/mame/landmakr.zip,https://archive.org/download/OngoFiles/mame-taitof3/landmakr.zip,16781687,abb3816654e01267c7ee1b3bd5f14b55,
games/mame/lightbr.zip,https://archive.org/download/OngoFiles/mame-taitof3/lightbr.zip,8838968,801d10c0d47e7d06e17125fd6cdcccc6,
games/mame/pbobble2.zip,https://archive.org/download/OngoFiles/mame-taitof3/pbobble2.zip,6302021,562a4ae42ee695a1ac27b33cadce3c7f,
games/mame/pbobble3.zip,https://archive.org/download/OngoFiles/mame-taitof3/pbobble3.zip,7464250,e0aa761cb6c623441e9bae27775aa06e,
games/mame/pbobble4.zip,https://archive.org/download/OngoFiles/mame-taitof3/pbobble4.zip,7358542,fb1be6372b839834213f93fd2e9a4f65,
games/mame/popnpop.zip,https://archive.org/download/OngoFiles/mame-taitof3/popnpop.zip,5958528,61afbf03951f57b6f0960262da642ce3,
games/mame/puchicar.zip,https://archive.org/download/OngoFiles/mame-taitof3/puchicar.zip,9445598,5e2e106be4c2228f58cc3b42308b9b27,
games/mame/pwrgoal.zip,https://archive.org/download/OngoFiles/mame-taitof3/pwrgoal.zip,10708451,13ff8d9c8b509d0b48d1ac51e0b5baef,
games/mame/qtheater.zip,https://archive.org/download/OngoFiles/mame-taitof3/qtheater.zip,5633340,3b6e77dc5676359d6ba51b7d1ecc1056,
games/mame/quizhuhu.zip,https://archive.org/download/OngoFiles/mame-taitof3/quizhuhu.zip,10037880,daaa4bf58924587ec71993f348cea9f3,
games/mame/recalh.zip,https://archive.org/download/OngoFiles/mame-taitof3/recalh.zip,3649527,f89b8ca17cdb2b88c002a2088fe7be7f,
games/mame/ridingf.zip,https://archive.org/download/OngoFiles/mame-taitof3/ridingf.zip,4963910,a564b605552e99dcfd49902ebc238a7d,
games/mame/ringrage.zip,https://archive.org/download/OngoFiles/mame-taitof3/ringrage.zip,5774641,1dfd357124ef48842e81f3303000726c,
games/mame/scfinals.zip,https://archive.org/download/OngoFiles/mame-taitof3/scfinals.zip,5871872,1fa36569c78984bae0cba4364ace501d,
games/mame/spcinv95.zip,https://archive.org/download/OngoFiles/mame-taitof3/spcinv95.zip,4585462,ef4bda6d268d20cda1925bf258a03acb,
games/mame/tcobra2.zip,https://archive.org/download/OngoFiles/mame-taitof3/tcobra2.zip,6712077,7898383bb409d6a44abcded2ebd426b6,
games/mame/trstar.zip,https://archive.org/download/OngoFiles/mame-taitof3/trstar.zip,7447041,6de04d8c044541118df3fe124368e227,
games/mame/twinqix.zip,https://archive.org/download/OngoFiles/mame-taitof3/twinqix.zip,3028197,a43b278642f60c6891c43b23ef14309c,

games/mame/atehate.zip,https://archive.org/download/OngoFiles/mame-seta/atehate.zip,1967252,6aac0b2b8b9c31b20abc3b9eeb389d03
games/mame/blandia.zip,https://archive.org/download/OngoFiles/mame-seta/blandia.zip,6996255,4fa9bce31b052c243747b3dcce5fc11d
games/mame/blockcar.zip,https://archive.org/download/OngoFiles/mame-seta/blockcar.zip,1866471,8b39bbcb991793ba8262177efe81fe2b
games/mame/daioh.zip,https://archive.org/download/OngoFiles/mame-seta/daioh.zip,12700846,74c9b667c6ee1f69804eb2948350b4eb
games/mame/drgnunit.zip,https://archive.org/download/OngoFiles/mame-seta/drgnunit.zip,1821007,40ec461642b784105a218c25d35bfca9
games/mame/eightfrc.zip,https://archive.org/download/OngoFiles/mame-seta/eightfrc.zip,2973386,cafa9dc2122be9335a04338288a61f10
games/mame/extdwnhl.zip,https://archive.org/download/OngoFiles/mame-seta/extdwnhl.zip,3869597,54ae438974139e7873e51a1807f91027
games/mame/gundhara.zip,https://archive.org/download/OngoFiles/mame-seta/gundhara.zip,10942952,73b150cc8a5e50fd9c18a37a950e733d
games/mame/jjsquawk.zip,https://archive.org/download/OngoFiles/mame-seta/jjsquawk.zip,8296845,d38cea9630d86502214a4c0d1ede9711
games/mame/kamenrid.zip,https://archive.org/download/OngoFiles/mame-seta/kamenrid.zip,1645002,dd5be3f5b58092d1c3ff64b886b95261
games/mame/madshark.zip,https://archive.org/download/OngoFiles/mame-seta/madshark.zip,3833215,193b09791ce3504618252bc2f7cb706a
games/mame/magspeed.zip,https://archive.org/download/OngoFiles/mame-seta/magspeed.zip,1457668,4a6ebbb047ed8d880f07be9dce410799
games/mame/msgundam.zip,https://archive.org/download/OngoFiles/mame-seta/msgundam.zip,5086055,f001a138f3d0a2da9ee35a2045323d0f
games/mame/neobattl.zip,https://archive.org/download/OngoFiles/mame-seta/neobattl.zip,1231676,4a27ba9259f5d1d70318e5b9c5416715
games/mame/oisipuzl.zip,https://archive.org/download/OngoFiles/mame-seta/oisipuzl.zip,5000993,3cfc3db9b5a9c1196389101e5d9235d2
games/mame/pairlove.zip,https://archive.org/download/OngoFiles/mame-seta/pairlove.zip,611159,137d3ce5e0327bbad44dfe7efae47ffd
games/mame/qzkklgy2.zip,https://archive.org/download/OngoFiles/mame-seta/qzkklgy2.zip,1769563,4a86eecd15b10ebac67c7e4ff7484b30
games/mame/qzkklogy.zip,https://archive.org/download/OngoFiles/mame-seta/qzkklogy.zip,1490288,9b4f6f45dd11ba7e6134a29d07c28045
games/mame/rezon.zip,https://archive.org/download/OngoFiles/mame-seta/rezon.zip,1288950,6b35ed8c9fd2c39196e659ae190ee1e3
games/mame/sokonuke.zip,https://archive.org/download/OngoFiles/mame-seta/sokonuke.zip,1678327,f8cf10ad021b0fdea76294abf5b5725b
games/mame/stg.zip,https://archive.org/download/OngoFiles/mame-seta/stg.zip,1753760,eafe1108effcef531df209df434f617b
games/mame/thunderl.zip,https://archive.org/download/OngoFiles/mame-seta/thunderl.zip,1194597,144ec37110f2d5f0a6030d30cf15ddae
games/mame/umanclub.zip,https://archive.org/download/OngoFiles/mame-seta/umanclub.zip,1202336,b859ccabea72748f4ea49b89575e9aa8
games/mame/wits.zip,https://archive.org/download/OngoFiles/mame-seta/wits.zip,465517,8cbc72045eac86167abb3e16da2e3968
games/mame/wrofaero.zip,https://archive.org/download/OngoFiles/mame-seta/wrofaero.zip,1415393,48e840f5779f1412ed953f4ad40e6597
games/mame/zingzip.zip,https://archive.org/download/OngoFiles/mame-seta/zingzip.zip,4191731,70df833f41ac3ef98c3894a889bf8e4d
games/mame/zombraid.zip,https://archive.org/download/OngoFiles/mame-seta/zombraid.zip,13703913,b31797722054ab79b3e513cf1828b000
